<?xml version="1.0" encoding="UTF-8" standalone="yes"?><history><sql date="1367963776003" url="jdbc:oracle:thin:@//localhost:1521/ite10g.ite.gmu.edu">SELECT * FROM NRICH.EMPLOYEE</sql><sql date="1367896719037" url="jdbc:oracle:thin:@//localhost:1521/ite10g.ite.gmu.edu">INSERT INTO NRICH.EMPLOYEE (fname,minit,lname,ssn,bdate,address,sex,salary,superssn,dno,email) VALUES ('Nicholas','O','Rich','612536212', TO_DATE('NOV.24.1988', 'MON.DD.YYYY'),'Centreville, VA','M',75000.01,'888665555',5,'Nick.o.rich@gmail.com')</sql><sql date="1367896919264" url="jdbc:oracle:thin:@//localhost:1521/ite10g.ite.gmu.edu">INSERT INTO works_on VALUES ('999887777', 10, 10.0)</sql><sql date="1367887729196" url="jdbc:oracle:thin:@//localhost:1521/ite10g.ite.gmu.edu">INSERT ALL INTO NRICH.DEPENDENT (essn,dependent_name,sex,bdate,relationship) VALUES ('213236617','Dopey','M', TO_DATE('JAN.1.1900', 'MON.DD.YYYY'),'Dwarf') INTO NRICH.DEPENDENT (essn,dependent_name,sex,bdate,relationship) VALUES ('213236617','Sneezy','M', TO_DATE('JAN.1.1900', 'MON.DD.YYYY'),'Dwarf') INTO NRICH.DEPENDENT (essn,dependent_name,sex,bdate,relationship) VALUES ('213236617','Grumpy','M', TO_DATE('JAN.1.1900', 'MON.DD.YYYY'),'Dwarf')SELECT * FROM dual</sql><sql date="1367802254850" url="jdbc:oracle:thin:@//localhost:1521/ite10g.ite.gmu.edu">Select mgrssn FROM NRICH.DEPARTMENT where mgrssn = '333445555'</sql><sql date="1367896778177" url="jdbc:oracle:thin:@//localhost:1521/ite10g.ite.gmu.edu">INSERT ALL INTO NRICH.WORKS_ON (essn,pno,hours) VALUES ('612536212',1,15.0) INTO NRICH.WORKS_ON (essn,pno,hours) VALUES ('612536212',3,15.0) INTO NRICH.WORKS_ON (essn,pno,hours) VALUES ('612536212',30,4.6) INTO NRICH.WORKS_ON (essn,pno,hours) VALUES ('612536212',20,5.4)SELECT * FROM dual</sql><sql date="1367891057018" url="jdbc:oracle:thin:@//localhost:1521/ite10g.ite.gmu.edu">SELECT lname,ssn,hours FROM EMPLOYEE
JOIN WORKS_ON ON essn=ssn
JOIN PROJECT ON pno=pnumber
WHERE pname='ProductZ'
AND ssn IN (
    SELECT ssn FROM EMPLOYEE 
    JOIN DEPT_LOCATIONS ON dno=dnumber
    WHERE dlocation = 'Houston'
)</sql><sql date="1367890987853" url="jdbc:oracle:thin:@//localhost:1521/ite10g.ite.gmu.edu">SELECT lname,ssn,hours FROM EMPLOYEE
JOIN WORKS_ON ON essn=ssn
JOIN PROJECT ON pno=pnumber
WHERE pname=&quot;ProductZ&quot; 
AND ssn IN (
    SELECT ssn FROM EMPLOYEE 
    JOIN DEPT_LOCATIONS ON dno=dnumber
    WHERE dlocation = &quot;Houston&quot;
)</sql><sql date="1367896746341" url="jdbc:oracle:thin:@//localhost:1521/ite10g.ite.gmu.edu">INSERT ALL INTO NRICH.DEPENDENT (essn,dependent_name,sex,bdate,relationship) VALUES ('612536212','Billy','M', TO_DATE('JAN.2.1912', 'MON.DD.YYYY'),'Example')SELECT * FROM dual</sql><sql date="1367887736264" url="jdbc:oracle:thin:@//localhost:1521/ite10g.ite.gmu.edu">INSERT ALL INTO NRICH.WORKS_ON (essn,pno,hours) VALUES ('213236617',1,20.0) INTO NRICH.WORKS_ON (essn,pno,hours) VALUES ('213236617',3,10.0) INTO NRICH.WORKS_ON (essn,pno,hours) VALUES ('213236617',30,10.0)SELECT * FROM dual</sql><sql date="1367896902247" url="jdbc:oracle:thin:@//localhost:1521/ite10g.ite.gmu.edu">INSERT INTO dependent VALUES ('333445555','Alice','F','05-APR-76','Daughter')</sql><sql date="1367802065632" url="jdbc:oracle:thin:@//localhost:1521/ite10g.ite.gmu.edu">select * from NRICH.DEPARTMENT</sql><sql date="1367896918686" url="jdbc:oracle:thin:@//localhost:1521/ite10g.ite.gmu.edu">INSERT INTO works_on VALUES ('453453453', 2,  20.0)</sql><sql date="1367896918969" url="jdbc:oracle:thin:@//localhost:1521/ite10g.ite.gmu.edu">INSERT INTO works_on VALUES ('333445555', 10, 10.0)</sql><sql date="1367886895698" url="jdbc:oracle:thin:@//localhost:1521/ite10g.ite.gmu.edu">INSERT INTO NRICH.DEPENDENT (essn,dependent_name,sex,bdate,relationship) VALUES ('XXXXX6616','Nick Jr.','M', TO_DATE('OCT.21.2008', 'MON.DD.YYYY'),'Son'), ('XXXXX6616','Megan','F', TO_DATE('JUN.9.1991', 'MON.DD.YYYY'),'Sister'), ('XXXXX6616','Lyford','M', TO_DATE('SEP.2.1960', 'MON.DD.YYYY'),'Father')</sql><sql date="1367896918869" url="jdbc:oracle:thin:@//localhost:1521/ite10g.ite.gmu.edu">INSERT INTO works_on VALUES ('333445555', 3,  10.0)</sql><sql date="1367862213725" url="jdbc:oracle:thin:@//localhost:1521/ite10g.ite.gmu.edu">Select ssn FROM NRICH.EMPLOYEE where ssn='098765432'</sql><sql date="1367896918281" url="jdbc:oracle:thin:@//localhost:1521/ite10g.ite.gmu.edu">INSERT INTO works_on VALUES ('123456789', 1,  32.5)</sql><sql date="1367963784936" url="jdbc:oracle:thin:@//localhost:1521/ite10g.ite.gmu.edu">SELECT * FROM NRICH.DEPENDENT</sql><sql date="1367896902618" url="jdbc:oracle:thin:@//localhost:1521/ite10g.ite.gmu.edu">INSERT INTO dependent VALUES ('123456789','Michael','M','01-JAN-78','Son')</sql><sql date="1367896709709" url="jdbc:oracle:thin:@//localhost:1521/ite10g.ite.gmu.edu">INSERT INTO NRICH.EMPLOYEE (fname,minit,lname,ssn,bdate,address,sex,salary,superssn,dno,email) VALUES ('Nicholas','O','Rich','612536212', TO_DATE('NOV.24.1988', 'MON.DD.YYYY'),'Centreville, VA','M',75000.01,'888665555',5,'Nick.o.rich@gmail.com')
SELECT * FROM NRICH.EMPLOYEE</sql><sql date="1367886859732" url="jdbc:oracle:thin:@//localhost:1521/ite10g.ite.gmu.edu">INSERT INTO NRICH.EMPLOYEE (fname,minit,lname,ssn,bdate,address,sex,salary,superssn,dno,email) VALUES ('Nicholas','O','Rich','XXXXX6616', TO_DATE('NOV.24.1988', 'MON.DD.YYYY'),'15419 Eagle Tavern Lane','M',72825.02,'987654321',5,'Nick.o.rich@gmail.com')</sql><sql date="1367862187875" url="jdbc:oracle:thin:@//localhost:1521/ite10g.ite.gmu.edu">Select ssn FROM NRICH.EMPLOYEE where ssn='333445555'</sql><sql date="1367891029849" url="jdbc:oracle:thin:@//localhost:1521/ite10g.ite.gmu.edu">SELECT lname,ssn,hours FROM EMPLOYEE
JOIN WORKS_ON ON essn=ssn
JOIN PROJECT ON pno=pnumber
WHERE pname=&quot;ProductZ&quot;
AND ssn IN (
    SELECT ssn FROM EMPLOYEE 
    JOIN DEPT_LOCATIONS ON dno=dnumber
    WHERE dlocation = &quot;Houston&quot;
)</sql><sql date="1367887723446" url="jdbc:oracle:thin:@//localhost:1521/ite10g.ite.gmu.edu">INSERT INTO NRICH.EMPLOYEE (fname,minit,lname,ssn,bdate,address,sex,salary,superssn,dno,email) VALUES ('Nicholas','O','Rich','213236617', TO_DATE('MAY.25.1910', 'MON.DD.YYYY'),'Centreville, VA','M',72983.12,'987654321',5,'Nick@div-element.com')</sql><sql date="1367802077743" url="jdbc:oracle:thin:@//localhost:1521/ite10g.ite.gmu.edu">select mgrssn from NRICH.DEPARTMENT</sql><sql date="1367963788942" url="jdbc:oracle:thin:@//localhost:1521/ite10g.ite.gmu.edu">SELECT * FROM NRICH.WORKS_ON</sql><sql date="1367896902799" url="jdbc:oracle:thin:@//localhost:1521/ite10g.ite.gmu.edu">INSERT INTO dependent VALUES ('123456789','Elizabeth','F','05-MAY-57','Spouse')</sql><sql date="1367896919772" url="jdbc:oracle:thin:@//localhost:1521/ite10g.ite.gmu.edu">INSERT INTO works_on VALUES ('987654321', 30, 20.0)</sql><sql date="1367896919680" url="jdbc:oracle:thin:@//localhost:1521/ite10g.ite.gmu.edu">INSERT INTO works_on VALUES ('987987987', 30, 5.0)</sql><sql date="1367886898077" url="jdbc:oracle:thin:@//localhost:1521/ite10g.ite.gmu.edu">INSERT INTO NRICH.WORKS_ON (essn,pno,hours) VALUES ('XXXXX6616',2,10.0), ('XXXXX6616',1,20.0), ('XXXXX6616',20,10.0)</sql><sql date="1367896919159" url="jdbc:oracle:thin:@//localhost:1521/ite10g.ite.gmu.edu">INSERT INTO works_on VALUES ('999887777', 30, 30.0)</sql><sql date="1367802222766" url="jdbc:oracle:thin:@//localhost:1521/ite10g.ite.gmu.edu">Select mgrssn FROM NRICH.DEPARTMENT where mgrssn = 333445555</sql><sql date="1367896902433" url="jdbc:oracle:thin:@//localhost:1521/ite10g.ite.gmu.edu">INSERT INTO dependent VALUES ('333445555','Joy','F','03-MAY-48','Spouse')</sql><sql date="1367887120856" url="jdbc:oracle:thin:@//localhost:1521/ite10g.ite.gmu.edu">INSERT INTO NRICH.EMPLOYEE (fname,minit,lname,ssn,bdate,address,sex,salary,superssn,dno,email) VALUES ('Nicholas','O','Rich','213236616', TO_DATE('NOV.24.1988', 'MON.DD.YYYY'),'15419 Eagle Tavern Lane','M',72825.02,'987654321',5,'Nick.o.rich@gmail.com')</sql><sql date="1367896919059" url="jdbc:oracle:thin:@//localhost:1521/ite10g.ite.gmu.edu">INSERT INTO works_on VALUES ('333445555', 20, 10.0)</sql><sql date="1367896918779" url="jdbc:oracle:thin:@//localhost:1521/ite10g.ite.gmu.edu">INSERT INTO works_on VALUES ('333445555', 2,  10.0)</sql><sql date="1367896919863" url="jdbc:oracle:thin:@//localhost:1521/ite10g.ite.gmu.edu">INSERT INTO works_on VALUES ('987654321', 20, 15.0)</sql><sql date="1367896919563" url="jdbc:oracle:thin:@//localhost:1521/ite10g.ite.gmu.edu">INSERT INTO works_on VALUES ('987987987', 10, 35.0)</sql><sql date="1367862204712" url="jdbc:oracle:thin:@//localhost:1521/ite10g.ite.gmu.edu">Select ssn FROM NRICH.EMPLOYEE where ssn='987654321'</sql><sql date="1367892408512" url="jdbc:oracle:thin:@//localhost:1521/ite10g.ite.gmu.edu">SELECT lname, ssn FROM NRICH.EMPLOYEE JOIN NRICH.DEPARTMENT ON dno = dnumber where dname = &quot;Research&quot;</sql><sql date="1367896902708" url="jdbc:oracle:thin:@//localhost:1521/ite10g.ite.gmu.edu">INSERT INTO dependent VALUES ('123456789','Alice','F', '31-DEC-78','Daughter')</sql><sql date="1367896918400" url="jdbc:oracle:thin:@//localhost:1521/ite10g.ite.gmu.edu">INSERT INTO works_on VALUES ('123456789', 2,  7.5)</sql><sql date="1367802155128" url="jdbc:oracle:thin:@//localhost:1521/ite10g.ite.gmu.edu">select mgrssn from DEPARTMENT</sql><sql date="1367896902339" url="jdbc:oracle:thin:@//localhost:1521/ite10g.ite.gmu.edu">INSERT INTO dependent VALUES ('333445555','Theodore','M','25-OCT-73','Son')</sql><sql date="1367896902526" url="jdbc:oracle:thin:@//localhost:1521/ite10g.ite.gmu.edu">INSERT INTO dependent VALUES ('987654321','Abner','M','29-FEB-32','Spouse')</sql><sql date="1367892420782" url="jdbc:oracle:thin:@//localhost:1521/ite10g.ite.gmu.edu">SELECT lname, ssn FROM NRICH.EMPLOYEE JOIN NRICH.DEPARTMENT ON dno = dnumber where dname = 'Research'</sql><sql date="1367896918493" url="jdbc:oracle:thin:@//localhost:1521/ite10g.ite.gmu.edu">INSERT INTO works_on VALUES ('666884444', 3,  40.0)</sql><sql date="1367887141875" url="jdbc:oracle:thin:@//localhost:1521/ite10g.ite.gmu.edu">INSERT INTO NRICH.DEPENDENT (essn,dependent_name,sex,bdate,relationship) VALUES ('213236616','Nick Jr.','M', TO_DATE('OCT.21.2008', 'MON.DD.YYYY'),'Son'), ('213236616','Megan','F', TO_DATE('JUN.9.1991', 'MON.DD.YYYY'),'Sister'), ('213236616','Lyford','M', TO_DATE('SEP.2.1960', 'MON.DD.YYYY'),'Father')</sql><sql date="1367896918583" url="jdbc:oracle:thin:@//localhost:1521/ite10g.ite.gmu.edu">INSERT INTO works_on VALUES ('453453453', 1,  20.0)</sql><sql date="1367802209612" url="jdbc:oracle:thin:@//localhost:1521/ite10g.ite.gmu.edu">Select mgrssn FROM NRICH.DEPARTMENT where mgrssn = &quot;333445555&quot;</sql><sql date="1367867243083" url="jdbc:oracle:thin:@//localhost:1521/ite10g.ite.gmu.edu">INSERT INTO NRICH.EMPLOYEE (fname,minit,lname,ssn,bdate,address,sex,salary,superssn,dno,email) VALUES ('Nicholas','O','Rich','213236616', TO_DATE('MAR.20.1926', 'MON.DD.YYYY'),'15419 Eagle Tavern Lane','M',72000.45,'987654321',5,'Nick.o.rich@gmail.com')</sql><sql date="1367896919997" url="jdbc:oracle:thin:@//localhost:1521/ite10g.ite.gmu.edu">INSERT INTO works_on VALUES ('888665555', 20, null)</sql></history>