<?xml version="1.0" encoding="UTF-8"?>
<!DOCTYPE fontscolors PUBLIC "-//NetBeans//DTD Editor Fonts and Colors settings 1.1//EN" "http://www.netbeans.org/dtds/EditorFontsColors-1_1.dtd">
<fontscolors>
    <fontcolor name="error" underline="orange"/>
    <fontcolor foreColor="ff8aa6c1" name="char"/>
    <fontcolor foreColor="ffffc000" name="keyword"/>
    <fontcolor name="whitespace"/>
    <fontcolor default="keyword" name="markup-element"/>
    <fontcolor foreColor="ffeddd3d" name="number"/>
    <fontcolor name="operator"/>
    <fontcolor name="url" underline="blue"/>
    <fontcolor default="identifier" name="field"/>
    <fontcolor bgColor="ff112435" foreColor="ffd4d4d4" name="default">
        <font name="Consolas" size="11" style="plain"/>
    </fontcolor>
    <fontcolor foreColor="ffffff80" name="string"/>
    <fontcolor default="default" name="entity-reference"/>
    <fontcolor default="string" name="markup-attribute-value"/>
    <fontcolor default="identifier" name="method"/>
    <fontcolor foreColor="ff2e77be" name="comment">
        <font style="italic"/>
    </fontcolor>
    <fontcolor name="identifier"/>
    <fontcolor name="warning" waveUnderlined="ffff5d5d"/>
    <fontcolor name="separator"/>
    <fontcolor default="field" name="markup-attribute"/>
</fontscolors>
