<?xml version="1.0" encoding="UTF-8"?>
<!DOCTYPE fontscolors PUBLIC "-//NetBeans//DTD Editor Fonts and Colors settings 1.1//EN" "http://www.netbeans.org/dtds/EditorFontsColors-1_1.dtd">
<fontscolors>
    <fontcolor name="error" waveUnderlined="red"/>
    <fontcolor foreColor="ff865000" name="char"/>
    <fontcolor foreColor="ff000066" name="keyword"/>
    <fontcolor foreColor="black" name="whitespace"/>
    <fontcolor foreColor="black" name="number"/>
    <fontcolor default="keyword" name="markup-element"/>
    <fontcolor name="operator"/>
    <fontcolor name="url" underline="blue"/>
    <fontcolor default="identifier" foreColor="ff004900" name="field"/>
    <fontcolor foreColor="black" name="default">
        <font name="Monospaced" size="11"/>
    </fontcolor>
    <fontcolor foreColor="ff583500" name="string"/>
    <fontcolor default="string" name="markup-attribute-value"/>
    <fontcolor default="default" foreColor="black" name="entity-reference">
        <font style="bold"/>
    </fontcolor>
    <fontcolor default="identifier" name="method"/>
    <fontcolor foreColor="ff717171" name="comment"/>
    <fontcolor name="identifier"/>
    <fontcolor name="separator"/>
    <fontcolor default="field" name="markup-attribute"/>
</fontscolors>
