<?xml version='1.0'?>
<!DOCTYPE driver PUBLIC '-//NetBeans//DTD JDBC Driver 1.1//EN' 'http://www.netbeans.org/dtds/jdbc-driver-1_1.dtd'>
<driver>
  <name value='OracleThin'/>
  <display-name value='Oracle Thin'/>
  <class value='oracle.jdbc.OracleDriver'/>
  <urls>
    <url value='file:/D:/Users/Timethor/Documents/NetBeansProjects/CompanyDatabaseManagerFX/lib/ojdbc/ojdbc14_g.jar'/>
    <url value='file:/D:/Users/Timethor/Documents/NetBeansProjects/CompanyDatabaseManagerFX/lib/ojdbc/ojdbc14.jar'/>
    <url value='file:/D:/Users/Timethor/Documents/NetBeansProjects/CompanyDatabaseManagerFX/lib/ojdbc/ojdbc6_g.jar'/>
  </urls>
</driver>
