<?xml version="1.0" encoding="UTF-8"?>
<!DOCTYPE codetemplates PUBLIC "-//NetBeans//DTD Editor Code Templates settings 1.0//EN" "http://www.netbeans.org/dtds/EditorCodeTemplates-1_0.dtd">
<codetemplates>
    <codetemplate abbreviation="-c" xml:space="preserve">
        <code><![CDATA[/* |<?> Class ${ClassName}() |<?>
 * @author		: Nicholas Rich	(Timethor)
 * @date		: ${date}
 * @disclaimer	: This document is provided without warentee and is as is.
 * @@@@@@@@@@@@@@
 * >>	${cdescription}
 * t>>	This is a todo!
 * <?>|
 */
 
class ${ClassName} {
	/* |<?> Function ${__construct}($$${params}) |<?>
	 * >>	${fdescription}
	 * t>>	TODO!
	 * <?>|
	 */
    function ${__construct}($$${params}) {
        ${selection}${cursor}
    }
}]]></code>
    </codetemplate>
    <codetemplate abbreviation="cls" contexts="php-code" uuid="org.netbeans.modules.php.editor.codetemplate.cls" xml:space="preserve">
        <code><![CDATA[/* |<?> Class ${ClassName}() |<?>
 * @author		: Nicholas Rich	(Timethor)
 * @date		: ${date}
 * @disclaimer	: This document is provided without warentee and is as is.
 * @@@@@@@@@@@@@@
 * >>	${description}
 * t>>	This is a todo!
 * <?>|
 */
 
class ${ClassName} {
	/* |<?> Function ${__construct}($$${params}) |<?>
	 * >>	${description}
	 * t>>	TODO!
	 * <?>|
	 */
    function ${__construct}($$${params}) {
        ${selection}${cursor}
    }
}]]></code>
    </codetemplate>
    <codetemplate abbreviation="vard" xml:space="preserve">
        <code><![CDATA[echo "<pre>",__METHOD__,"(",__LINE__,"): ",var_dump(${$}),"</pre>";]]></code>
    </codetemplate>
    <codetemplate abbreviation="=-" xml:space="preserve">
        <code><![CDATA[//>>	${selection}${cursor}]]></code>
    </codetemplate>
    <codetemplate abbreviation="trace" xml:space="preserve">
        <code><![CDATA[Yii::log("${msg}", CLogger::LEVEL_TRACE, 'application.' . __METHOD__ . "(" . __LINE__ . ")");]]></code>
    </codetemplate>
    <codetemplate abbreviation="-f" xml:space="preserve">
        <code><![CDATA[	/* |<?> Function ${functionName}($$${params}) |<?>
	 * >>	${description}
	 * t>>	TODO!
	 * <?>|
	 */

function ${functionName}($$${params}) {
    ${selection}${cursor}
}]]></code>
    </codetemplate>
    <codetemplate abbreviation="fc" xml:space="preserve">
        <code><![CDATA[	/* |<?> Function ${functionName}($$${params}) |<?>
	 * >>	${description}
	 * t>>	TODO!
	 * <?>|
	 */
	 
	${selection}${cursor}]]></code>
    </codetemplate>
    <codetemplate abbreviation="=-0" xml:space="preserve">
        <code><![CDATA[//t>>	${selection}${cursor}]]></code>
    </codetemplate>
    <codetemplate abbreviation="fnc" contexts="php-code" uuid="org.netbeans.modules.php.editor.codetemplate.fnc" xml:space="preserve">
        <code><![CDATA[	/* |<?> Function ${functionName}($$${params}) |<?>
	 * >>	${description}
	 * t>>	TODO!
	 * <?>|
	 */

function ${functionName}($$${params}) {
    ${selection}${cursor}
}]]></code>
    </codetemplate>
    <codetemplate abbreviation="cfold" xml:space="preserve">
        <code><![CDATA[// <editor-fold defaultstate="collapsed" desc="${comment}">
${selection}${cursor}// </editor-fold>
]]></code>
    </codetemplate>
    <codetemplate abbreviation="--c" xml:space="preserve">
        <code><![CDATA[class ${ClassName} {
    function ${__construct}($$${params}) {
        ${selection}${cursor}
    }
}]]></code>
    </codetemplate>
    <codetemplate abbreviation="=-=-" xml:space="preserve">
        <code><![CDATA[/*>> ${cursor} <<*/]]></code>
    </codetemplate>
    <codetemplate abbreviation="-v" xml:space="preserve">
        <code><![CDATA[/* |<?> VARIABLES |<?>
 * @${new_var_comment}          ${new_var_desc}
 * <?>|
 */]]></code>
    </codetemplate>
    <codetemplate abbreviation="--f" xml:space="preserve">
        <code><![CDATA[function ${functionName}($$${params}) {
    ${selection}${cursor}
}]]></code>
    </codetemplate>
    <codetemplate abbreviation="cc" xml:space="preserve">
        <code><![CDATA[/* |<?> Class ${ClassName}() |<?>
 * @author		: Nicholas Rich	(Timethor)
 * @date		: ${date}
 * @disclaimer	: This document is provided without warentee and is as is.
 * @@@@@@@@@@@@@@
 * >>	${description}
 * t>>	This is a todo!
 * <?>|
 */
 
${selection}${cursor}]]></code>
    </codetemplate>
    <codetemplate abbreviation="fcom" remove="true"/>
</codetemplates>
