<?xml version="1.0" encoding="UTF-8"?>
<!DOCTYPE fontscolors PUBLIC "-//NetBeans//DTD Editor Fonts and Colors settings 1.1//EN" "http://www.netbeans.org/dtds/EditorFontsColors-1_1.dtd">
<fontscolors>
    <fontcolor name="mod-enum"/>
    <fontcolor default="identifier" foreColor="ff995412" name="mod-parameter-declaration"/>
    <fontcolor foreColor="ffe2b3b3" name="mod-method"/>
    <fontcolor name="mod-annotation-type"/>
    <fontcolor name="mod-interface" underline="4d23ff00"/>
    <fontcolor default="identifier" name="mod-enum-declaration">
        <font style="bold"/>
    </fontcolor>
    <fontcolor default="identifier" name="mod-class-declaration">
        <font style="bold"/>
    </fontcolor>
    <fontcolor bgColor="ff114544" name="mod-private"/>
    <fontcolor bgColor="ff11385a" name="mod-protected"/>
    <fontcolor name="mod-deprecated" strikeThrough="darkGray"/>
    <fontcolor default="comment" foreColor="ff6ca8e2" name="javadoc-first-sentence">
        <font style="bold"/>
    </fontcolor>
    <fontcolor default="char" name="character"/>
    <fontcolor default="error" name="errors"/>
    <fontcolor default="character" name="character-escape">
        <font style="bold"/>
    </fontcolor>
    <fontcolor bgColor="ff6ab9ff" foreColor="ff292754" name="mark-occurrences"/>
    <fontcolor name="mod-abstract"/>
    <fontcolor foreColor="ff33983f" name="mod-field">
        <font style="bold"/>
    </fontcolor>
    <fontcolor name="mod-public"/>
    <fontcolor foreColor="fff2e2a6" name="mod-constructor">
        <font style="bold"/>
    </fontcolor>
    <fontcolor default="identifier" name="mod-local-variable-declaration"/>
    <fontcolor name="mod-local-variable"/>
    <fontcolor default="keyword" name="keyword-directive">
        <font style="bold+italic"/>
    </fontcolor>
    <fontcolor name="mod-package-private"/>
    <fontcolor foreColor="ff8f5a0a" name="mod-parameter"/>
    <fontcolor default="character" name="character-escape-invalid">
        <font style="italic"/>
    </fontcolor>
    <fontcolor default="identifier" name="mod-interface-declaration">
        <font style="bold"/>
    </fontcolor>
    <fontcolor default="keyword" name="keyword">
        <font style="italic"/>
    </fontcolor>
    <fontcolor default="whitespace" name="whitespace">
        <font size="12"/>
    </fontcolor>
    <fontcolor default="string" name="string-escape">
        <font style="bold"/>
    </fontcolor>
    <fontcolor name="mod-static">
        <font style="italic"/>
    </fontcolor>
    <fontcolor default="number" foreColor="ffff6600" name="number"/>
    <fontcolor default="identifier" foreColor="ffcc6600" name="mod-constructor-declaration">
        <font style="bold"/>
    </fontcolor>
    <fontcolor default="operator" foreColor="ff00cccc" name="operator"/>
    <fontcolor name="mod-class"/>
    <fontcolor foreColor="gray" name="mod-unused"/>
    <fontcolor default="string" name="string-escape-invalid">
        <font style="italic"/>
    </fontcolor>
    <fontcolor default="default" foreColor="ff349b34" name="html-tag"/>
    <fontcolor default="comment" foreColor="ff36c236" name="javadoc-tag">
        <font style="bold"/>
    </fontcolor>
    <fontcolor default="string" name="string"/>
    <fontcolor default="identifier" name="mod-annotation-type-declaration">
        <font style="bold"/>
    </fontcolor>
    <fontcolor default="method" foreColor="ffa9dfda" name="mod-method-declaration">
        <font style="bold"/>
    </fontcolor>
    <fontcolor default="comment" foreColor="ff4e92d3" name="comment"/>
    <fontcolor default="comment" foreColor="ff6fcfbf" name="javadoc-identifier"/>
    <fontcolor default="identifier" foreColor="white" name="identifier"/>
    <fontcolor default="separator" foreColor="white" name="separator"/>
    <fontcolor default="field" foreColor="ff0b7c3b" name="mod-field-declaration"/>
    <fontcolor default="keyword" name="literal"/>
</fontscolors>
