<?xml version="1.0" encoding="UTF-8"?>
<!DOCTYPE platform PUBLIC "-//NetBeans//DTD Java PlatformDefinition 1.0//EN" "http://www.netbeans.org/dtds/java-platformdefinition-1_0.dtd">
<platform default="no" name="Default JavaFX Platform">
    <jdkhome>
        <resource>file:/C:/Program%20Files/Java/jdk1.7.0_15/</resource>
    </jdkhome>
    <properties>
        <property name="platform.ant.name" value="Default_JavaFX_Platform"/>
    </properties>
    <sysproperties>
        <property name="awt.toolkit" value="sun.awt.windows.WToolkit"/>
        <property name="file.encoding" value="Cp1252"/>
        <property name="file.encoding.pkg" value="sun.io"/>
        <property name="file.separator" value="\"/>
        <property name="java.awt.graphicsenv" value="sun.awt.Win32GraphicsEnvironment"/>
        <property name="java.awt.printerjob" value="sun.awt.windows.WPrinterJob"/>
        <property name="java.class.path" value=""/>
        <property name="java.class.version" value="51.0"/>
        <property name="java.endorsed.dirs" value="C:\Program Files\Java\jdk1.7.0_15\jre\lib\endorsed"/>
        <property name="java.ext.dirs" value="C:\Program Files\Java\jdk1.7.0_15\jre\lib\ext;C:\Windows\Sun\Java\lib\ext"/>
        <property name="java.home" value="C:\Program Files\Java\jdk1.7.0_15\jre"/>
        <property name="java.io.tmpdir" value="C:\Users\Timethor\AppData\Local\Temp\"/>
        <property name="java.library.path" value="C:\Program Files\Java\jdk1.7.0_15\bin;C:\Windows\Sun\Java\bin;C:\Windows\system32;C:\Windows;C:\Program Files (x86)\NVIDIA Corporation\PhysX\Common;C:\Python26\Lib\site-packages\PyQt4\bin;C:\Program Files (x86)\PHP\;C:\Program Files (x86)\MiKTeX 2.8\miktex\bin;C:\Windows\system32;C:\Windows;C:\Windows\System32\Wbem;C:\Windows\System32\WindowsPowerShell\v1.0\;C:\PROGRA~1\NETGEAR\NETGEA~1;C:\PROGRA~1\NETGEAR\NETGEA~1\oware\bin;C:\Program Files (x86)\Common Files\Acronis\SnapAPI\;C:\Program Files (x86)\QuickTime\QTSystem\;C:\Ruby193\sdk\bin;C:\Program Files (x86)\Nmap;."/>
        <property name="java.runtime.name" value="Java(TM) SE Runtime Environment"/>
        <property name="java.runtime.version" value="1.7.0_15-b03"/>
        <property name="java.specification.name" value="Java Platform API Specification"/>
        <property name="java.specification.vendor" value="Oracle Corporation"/>
        <property name="java.specification.version" value="1.7"/>
        <property name="java.vendor" value="Oracle Corporation"/>
        <property name="java.vendor.url" value="http://java.oracle.com/"/>
        <property name="java.vendor.url.bug" value="http://bugreport.sun.com/bugreport/"/>
        <property name="java.version" value="1.7.0_15"/>
        <property name="java.vm.info" value="mixed mode"/>
        <property name="java.vm.name" value="Java HotSpot(TM) 64-Bit Server VM"/>
        <property name="java.vm.specification.name" value="Java Virtual Machine Specification"/>
        <property name="java.vm.specification.vendor" value="Oracle Corporation"/>
        <property name="java.vm.specification.version" value="1.7"/>
        <property name="java.vm.vendor" value="Oracle Corporation"/>
        <property name="java.vm.version" value="23.7-b01"/>
        <property name="line.separator" value="&#13;&#10;"/>
        <property name="os.arch" value="amd64"/>
        <property name="os.name" value="Windows 7"/>
        <property name="os.version" value="6.1"/>
        <property name="path.separator" value=";"/>
        <property name="sun.arch.data.model" value="64"/>
        <property name="sun.boot.class.path" value="C:\Program Files\Java\jdk1.7.0_15\jre\lib\resources.jar;C:\Program Files\Java\jdk1.7.0_15\jre\lib\rt.jar;C:\Program Files\Java\jdk1.7.0_15\jre\lib\sunrsasign.jar;C:\Program Files\Java\jdk1.7.0_15\jre\lib\jsse.jar;C:\Program Files\Java\jdk1.7.0_15\jre\lib\jce.jar;C:\Program Files\Java\jdk1.7.0_15\jre\lib\charsets.jar;C:\Program Files\Java\jdk1.7.0_15\jre\lib\jfr.jar;C:\Program Files\Java\jdk1.7.0_15\jre\classes"/>
        <property name="sun.boot.library.path" value="C:\Program Files\Java\jdk1.7.0_15\jre\bin"/>
        <property name="sun.cpu.endian" value="little"/>
        <property name="sun.cpu.isalist" value="amd64"/>
        <property name="sun.desktop" value="windows"/>
        <property name="sun.io.unicode.encoding" value="UnicodeLittle"/>
        <property name="sun.java.command" value="org.netbeans.modules.java.j2seplatform.wizard.SDKProbe C:\Users\Timethor\AppData\Local\Temp\nb-platformdetect8198730533020748674properties"/>
        <property name="sun.java.launcher" value="SUN_STANDARD"/>
        <property name="sun.jnu.encoding" value="Cp1252"/>
        <property name="sun.management.compiler" value="HotSpot 64-Bit Tiered Compilers"/>
        <property name="sun.os.patch.level" value="Service Pack 1"/>
        <property name="user.country" value="US"/>
        <property name="user.dir" value=""/>
        <property name="user.home" value="C:\Users\Timethor"/>
        <property name="user.language" value="en"/>
        <property name="user.name" value="Timethor"/>
        <property name="user.script" value=""/>
        <property name="user.timezone" value="America/New_York"/>
        <property name="user.variant" value=""/>
    </sysproperties>
    <javadoc>
        <resource>http://download.oracle.com/javase/7/docs/api/</resource>
    </javadoc>
</platform>
