<?xml version="1.0" encoding="UTF-8"?>
<!DOCTYPE library PUBLIC "-//NetBeans//DTD Library Declaration 1.0//EN" "http://www.netbeans.org/dtds/library-declaration-1_0.dtd">
<library version="1.0">
    <name>EclipseLink-GlassFish-v3</name>
    <type>j2se</type>
    <volume>
        <type>classpath</type>
        <resource>jar:file:/C:/Program%20Files%20(x86)/glassfish-3.0.1/glassfish/modules/org.eclipse.persistence.antlr.jar!/</resource>
        <resource>jar:file:/C:/Program%20Files%20(x86)/glassfish-3.0.1/glassfish/modules/org.eclipse.persistence.asm.jar!/</resource>
        <resource>jar:file:/C:/Program%20Files%20(x86)/glassfish-3.0.1/glassfish/modules/org.eclipse.persistence.core.jar!/</resource>
        <resource>jar:file:/C:/Program%20Files%20(x86)/glassfish-3.0.1/glassfish/modules/org.eclipse.persistence.jpa.jar!/</resource>
        <resource>jar:file:/C:/Program%20Files%20(x86)/glassfish-3.0.1/glassfish/modules/org.eclipse.persistence.jpa.modelgen.jar!/</resource>
        <resource>jar:file:/C:/Program%20Files%20(x86)/glassfish-3.0.1/glassfish/modules/org.eclipse.persistence.oracle.jar!/</resource>
        <resource>jar:file:/C:/Program%20Files%20(x86)/glassfish-3.0.1/glassfish/modules/javax.persistence.jar!/</resource>
    </volume>
    <volume>
        <type>src</type>
    </volume>
    <volume>
        <type>javadoc</type>
        <resource>jar:file:/C:/Program%20Files%20(x86)/NetBeans%206.9.1/enterprise/docs/javaee6-doc-api.zip!/</resource>
    </volume>
    <volume>
        <type>maven-pom</type>
    </volume>
</library>
