<?xml version="1.0" encoding="UTF-8"?>
<!DOCTYPE library PUBLIC "-//NetBeans//DTD Library Declaration 1.0//EN" "http://www.netbeans.org/dtds/library-declaration-1_0.dtd">
<library version="1.0">
    <name>Java-EE-GlassFish-v3</name>
    <type>serverlibrary</type>
    <volume>
        <type>classpath</type>
        <resource>jar:file:/C:/Program%20Files%20(x86)/glassfish-3.0.1/glassfish/modules/endorsed/webservices-api-osgi.jar!/</resource>
        <resource>jar:file:/C:/Program%20Files%20(x86)/glassfish-3.0.1/glassfish/modules/javax.servlet.jar!/</resource>
        <resource>jar:file:/C:/Program%20Files%20(x86)/glassfish-3.0.1/glassfish/modules/javax.security.jacc.jar!/</resource>
        <resource>jar:file:/C:/Program%20Files%20(x86)/glassfish-3.0.1/glassfish/modules/javax.ejb.jar!/</resource>
        <resource>jar:file:/C:/Program%20Files%20(x86)/glassfish-3.0.1/glassfish/modules/javax.persistence.jar!/</resource>
        <resource>jar:file:/C:/Program%20Files%20(x86)/glassfish-3.0.1/glassfish/modules/javax.transaction.jar!/</resource>
        <resource>jar:file:/C:/Program%20Files%20(x86)/glassfish-3.0.1/glassfish/modules/endorsed/javax.annotation.jar!/</resource>
        <resource>jar:file:/C:/Program%20Files%20(x86)/glassfish-3.0.1/glassfish/modules/jsf-impl.jar!/</resource>
        <resource>jar:file:/C:/Program%20Files%20(x86)/glassfish-3.0.1/glassfish/modules/javax.jms.jar!/</resource>
        <resource>jar:file:/C:/Program%20Files%20(x86)/glassfish-3.0.1/glassfish/modules/jsf-api.jar!/</resource>
        <resource>jar:file:/C:/Program%20Files%20(x86)/glassfish-3.0.1/glassfish/modules/javax.resource.jar!/</resource>
        <resource>jar:file:/C:/Program%20Files%20(x86)/glassfish-3.0.1/glassfish/modules/jsr311-api.jar!/</resource>
        <resource>jar:file:/C:/Program%20Files%20(x86)/glassfish-3.0.1/glassfish/modules/javax.servlet.jsp.jar!/</resource>
        <resource>jar:file:/C:/Program%20Files%20(x86)/glassfish-3.0.1/glassfish/modules/javax.enterprise.deploy.jar!/</resource>
        <resource>jar:file:/C:/Program%20Files%20(x86)/glassfish-3.0.1/glassfish/modules/mail.jar!/</resource>
        <resource>jar:file:/C:/Program%20Files%20(x86)/glassfish-3.0.1/glassfish/modules/javax.management.j2ee.jar!/</resource>
        <resource>jar:file:/C:/Program%20Files%20(x86)/glassfish-3.0.1/glassfish/modules/bean-validator.jar!/</resource>
        <resource>jar:file:/C:/Program%20Files%20(x86)/glassfish-3.0.1/glassfish/modules/endorsed/jaxb-api-osgi.jar!/</resource>
        <resource>jar:file:/C:/Program%20Files%20(x86)/glassfish-3.0.1/glassfish/modules/javax.security.auth.message.jar!/</resource>
        <resource>jar:file:/C:/Program%20Files%20(x86)/glassfish-3.0.1/glassfish/modules/javax.servlet.jsp.jstl.jar!/</resource>
        <resource>jar:file:/C:/Program%20Files%20(x86)/glassfish-3.0.1/glassfish/modules/jstl-impl.jar!/</resource>
        <resource>jar:file:/C:/Program%20Files%20(x86)/glassfish-3.0.1/glassfish/modules/weld-osgi-bundle.jar!/</resource>
        <resource>jar:file:/C:/Program%20Files%20(x86)/glassfish-3.0.1/glassfish/modules/web-core.jar!/</resource>
    </volume>
    <volume>
        <type>embedabbleejb</type>
    </volume>
    <volume>
        <type>wscompile</type>
    </volume>
    <volume>
        <type>wsgenerate</type>
    </volume>
    <volume>
        <type>wsimport</type>
    </volume>
    <volume>
        <type>wsinterop</type>
    </volume>
    <volume>
        <type>wsjwsdp</type>
    </volume>
    <volume>
        <type>javadoc</type>
        <resource>jar:file:/C:/Program%20Files%20(x86)/NetBeans%206.9.1/enterprise/docs/javaee6-doc-api.zip!/</resource>
    </volume>
    <volume>
        <type>src</type>
    </volume>
</library>
