<?xml version="1.0" encoding="UTF-8"?>
<!DOCTYPE library PUBLIC "-//NetBeans//DTD Library Declaration 1.0//EN" "http://www.netbeans.org/dtds/library-declaration-1_0.dtd">
<library version="1.0">
    <name>LWJGL-2.7.1</name>
    <type>j2se</type>
    <volume>
        <type>classpath</type>
        <resource>jar:file:/C:/Users/Timethor/Desktop/lwjgl-2.7.1/jar/jinput.jar!/</resource>
        <resource>jar:file:/C:/Users/Timethor/Desktop/lwjgl-2.7.1/jar/lwjgl.jar!/</resource>
        <resource>jar:file:/C:/Users/Timethor/Desktop/lwjgl-2.7.1/jar/lwjgl_util.jar!/</resource>
    </volume>
    <volume>
        <type>src</type>
        <resource>file:/C:/Users/Timethor/Desktop/lwjgl-2.7.1/src/generated/</resource>
        <resource>file:/C:/Users/Timethor/Desktop/lwjgl-2.7.1/src/java/</resource>
    </volume>
    <volume>
        <type>javadoc</type>
        <resource>file:/C:/Users/Timethor/Desktop/lwjgl-2.7.1/javadoc/</resource>
    </volume>
    <volume>
        <type>maven-pom</type>
    </volume>
</library>
